{
  "userprofile": [
    {
      "id": "1",
      "name": "Deepak",
      "email": "Deepak.kathait@gmail.com",
      "mobileNo": "9557264947",
      "city": "Dehradun",
      "image": "https://static.vecteezy.com/system/resources/thumbnails/001/921/774/small/beautiful-woman-red-hair-in-frame-circular-avatar-character-free-vector.jpg",
      "medicalHistory": "Perfectly Fine"
    },
    {
      "id": "2",
      "name": "Ankita Kathait",
      "email": "Ankita.kathait@gmail.com",
      "mobileNo": "9557264974",
      "city": "Dehradun",
      "image": "https://static.vecteezy.com/system/resources/thumbnails/001/921/774/small/beautiful-woman-red-hair-in-frame-circular-avatar-character-free-vector.jpg",
      "medicalHistory": "Perfectly Fine"
    },
    {
      "id": "3",
      "name": "Ankita Kathait",
      "email": "Ankita.kathait@gmail.com",
      "mobileNo": "9557264974",
      "city": "Dehradun",
      "image": "https://static.vecteezy.com/system/resources/thumbnails/001/921/774/small/beautiful-woman-red-hair-in-frame-circular-avatar-character-free-vector.jpg",
      "medicalHistory": "Perfectly Fine"
    }
  ]
}