[
    {
      "title": "Soda Increases Risk Of Early Death",
      "id": "1",
      "image": "https://www.boldsky.com/img/400x99/2022/07/sodacausesearlydeath-page-001-1657539315.jpg",
      "article":"Drinking soda can increase your risk of early death, even diet soda. The risk of early death may be increased by artificially sweetened soda."
    },
    {
      "title": "Health Benefits Of Idli",
      "id": "2",
      "image": "https://www.boldsky.com/img/400x99/2022/03/untitleddesign7-1648637189.jpg",
      "article":"A very common South Indian breakfast food, idli is a great source of carbohydrates and proteins.The fermentation process increases the bioavailability of proteins"
    },
    {
      "title": "Genetically Engineered Worms For Cancer",
      "id": "3",
      "image": "https://www.boldsky.com/img/400x99/2022/07/geneticallyengineeredwormsforcancer-1657524345.jpg",
      "article":"Japan have recently discovered a genetically engineered microscopic worm called nematodes that can help detect and kill cancerous cells. "
    }
  ]