{
    "user": {
      "firstname": "Anurag",
      "lastname": "Bista",
      "email" : "Anuragbista007@gmail.com",
      "phone": "1234567890"
    },
    "Experts": [
      {
        "expertId": "1",
        "expert_emailId": "expert1@gmail.com",
        "expert_firstName": "Anil",
        "expert_lastName": "Kumar",
        "expert_role": "",
        "expert_Specialization": "Allergists",
        "expert_phoneNumber": "9412345678",
        "expert_educational_Qualification": "MBBS",
        "expert_aboutMe": "I am a Doctor",
        "expert_experience": "7 years"
      },
      {
        "expertId": "2",
        "expert_emailId": "expert2@gmail.com",
        "expert_firstName": "Sohell",
        "expert_lastName": "Khan",
        "expert_role": "",
        "expert_Specialization": "Allergists",
        "expert_phoneNumber": "9412345679",
        "expert_educational_Qualification": "MBBS",
        "expert_aboutMe": "I am a Doctor",
        "expert_experience": "8 years"
      },
      {
        "expertId": "3",
        "expert_emailId": "expert3@gmail.com",
        "expert_firstName": "Alis",
        "expert_lastName": "Patel",
        "expert_role": "",
        "expert_Specialization": "Allergists",
        "expert_phoneNumber": "9412345680",
        "expert_educational_Qualification": "MBBS",
        "expert_aboutMe": "I am a Doctor",
        "expert_experience": "9 years"
      },
      {
        "expertId": "4",
        "expert_emailId": "expert4@gmail.com",
        "expert_firstName": "Sahil",
        "expert_lastName": "Khan",
        "expert_role": "",
        "expert_Specialization": "Allergists",
        "expert_phoneNumber": "9412345681",
        "expert_educational_Qualification": "MBBS",
        "expert_aboutMe": "I am a Doctor",
        "expert_experience": "10 years"
      },
      {
        "expertId": "5",
        "expert_emailId": "expert5@gmail.com",
        "expert_firstName": "Tupak",
        "expert_lastName": "Shetty",
        "expert_role": "",
        "expert_Specialization": "Allergists",
        "expert_phoneNumber": "9412345682",
        "expert_educational_Qualification": "MBBS",
        "expert_aboutMe": "I am a Doctor",
        "expert_experience": "6 years"
      },
      {
        "expertId": "6",
        "expert_emailId": "expert6@gmail.com",
        "expert_firstName": "Dev",
        "expert_lastName": "Kumar",
        "expert_role": "",
        "expert_Specialization": "Anesthesiologists",
        "expert_phoneNumber": "9412345683",
        "expert_educational_Qualification": "MBBS",
        "expert_aboutMe": "I am a Doctor",
        "expert_experience": "7 years"
      },
      {
        "expertId": "7",
        "expert_emailId": "expert7@gmail.com",
        "expert_firstName": "Kranthi",
        "expert_lastName": "Khan",
        "expert_role": "",
        "expert_Specialization": "Anesthesiologists",
        "expert_phoneNumber": "9412345684",
        "expert_educational Qualification": "MBBS",
        "expert_aboutMe": "I am a Doctor",
        "expert_experience": "13 years"
      },
      {
        "expertId": "8",
        "expert_emailId": "expert8@gmail.com",
        "expert_firstName": "Ali",
        "expert_lastName": "Patel",
        "expert_role": "",
        "expert_Specialization": "Anesthesiologists",
        "expert_phoneNumber": "9412345685",
        "expert_educational_Qualification": "MBBS",
        "expert_aboutMe": "I am a Doctor",
        "expert_experience": "11 years"
      },
      {
        "expertId": "9",
        "expert_emailId": "expert9@gmail.com",
        "expert_firstName": "Mani",
        "expert_lastName": "Muni",
        "expert_role": "",
        "expert_Specialization": "Anesthesiologists",
        "expert_phoneNumber": "9412345686",
        "expert_educational_Qualification": "MBBS",
        "expert_aboutMe": "I am a Doctor",
        "expert_experience": "16 years"
      },
      {
        "expertId": "10",
        "expert_emailId": "expert10@gmail.com",
        "expert_firstName": "Shyam",
        "expert_lastName": "Kumar",
        "expert_role": "",
        "expert_Specialization": "Anesthesiologists",
        "expert_phoneNumber": "9412345687",
        "expert_educational_Qualification": "MBBS",
        "expert_aboutMe": "I am a Doctor",
        "expert_experience": "5 years"
      },
      {
        "expertId": "11",
        "expert_emailId": "expert11@gmail.com",
        "expert_firstName": "Pavan",
        "expert_lastName": "Kumar",
        "expert_role": "",
        "expert_Specialization": "Cardiologists",
        "expert_phoneNumber": "9412345688",
        "expert_educational_Qualification": "MBBS",
        "expert_aboutMe": "I am a Doctor",
        "expert_experience": "5 years"
      },
      {
        "expertId": "12",
        "expert_emailId": "expert12@gmail.com",
        "expert_firstName": "Raj",
        "expert_lastName": "Kumar",
        "expert_role": "",
        "expert_Specialization": "Cardiologists",
        "expert_phoneNumber": "9412345689",
        "expert_educational_Qualification": "MBBS",
        "expert_aboutMe": "I am a Doctor",
        "expert_experience": "6 years"
      },
      {
        "expertId": "13",
        "expert_emailId": "expert13@gmail.com",
        "expert_firstName": "Abhishek",
        "expert_lastName": "Bachan",
        "expert_role": "",
        "expert_Specialization": "Cardiologists",
        "expert_phoneNumber": "9412345690",
        "expert_educational_Qualification": "MBBS",
        "expert_aboutMe": "I am a Doctor",
        "expert_experience": "13 years"
      },
      {
        "expertId": "14",
        "expert_emailId": "expert14@gmail.com",
        "expert_firstName": "Arjun",
        "expert_lastName": "Chouhan",
        "expert_role": "",
        "expert_Specialization": "Cardiologists",
        "expert_phoneNumber": "9412345691",
        "expert_educational_Qualification": "MBBS",
        "expert_aboutMe": "I am a Doctor",
        "expert_experience": "9 years"
      },
      {
        "expertId": "15",
        "expert_emailId": "expert15@gmail.com",
        "expert_firstName": "Parthi",
        "expert_lastName": "Baby",
        "expert_role": "",
        "expert_Specialization": "Cardiologists",
        "expert_phoneNumber": "9412345692",
        "expert_educational_Qualification": "MBBS",
        "expert_aboutMe": "I am a Doctor",
        "expert_experience": "10 years"
      },
      {
        "expertId": "16",
        "expert_emailId": "expert16@gmail.com",
        "expert_firstName": "Kumar",
        "expert_lastName": "Naik",
        "expert_role": "",
        "expert_Specialization": "Dermatologists",
        "expert_phoneNumber": "9412345693",
        "expert_educational_Qualification": "MBBS",
        "expert_aboutMe": "I am a Doctor",
        "expert_experience": "21 years"
      },
      {
        "expertId": "17",
        "expert_emailId": "expert17@gmail.com",
        "expert_firstName": "Satish",
        "expert_lastName": "Kumar",
        "expert_role": "",
        "expert_Specialization": "Dermatologists",
        "expert_phoneNumber": "9412345694",
        "expert_educational_Qualification": "MBBS",
        "expert_aboutMe": "I am a Doctor",
        "expert_experience": "18 years"
      },
      {
        "expertId": "18",
        "expert_emailId": "expert18@gmail.com",
        "expert_firstName": "Upendra",
        "expert_lastName": "Singh",
        "expert_role": "",
        "expert_Specialization": "Dermatologists",
        "expert_phoneNumber": "9412345695",
        "expert_educational_Qualification": "MBBS",
        "expert_aboutMe": "I am a Doctor",
        "expert_experience": "8 years"
      },
      {
        "expertId": "19",
        "expert_emailId": "expert19@gmail.com",
        "expert_firstName": "Raja",
        "expert_lastName": "Sekhkar",
        "expert_role": "",
        "expert_Specialization": "Dermatologists",
        "expert_phoneNumber": "9412345696",
        "expert_educational_Qualification": "MBBS",
        "expert_aboutMe": "I am a Doctor",
        "expert_experience": "7 years"
      },
      {
        "expertId": "20",
        "expert_emailId": "expert20@gmail.com",
        "expert_firstName": "Sukla",
        "expert_lastName": "Nayeem",
        "expert_role": "",
        "expert_Specialization": "Dermatologists",
        "expert_phoneNumber": "9412345697",
        "expert_educational Qualification": "MBBS",
        "expert_aboutMe": "I am a Doctor",
        "expert_experience": "25 years"
      },
      {
        "expertId": "21",
        "expert_emailId": "expert21@gmail.com",
        "expert_firstName": "Srikanth",
        "expert_lastName": "Raj",
        "expert_role": "",
        "expert_Specialization": "Gastroenterologists",
        "expert_phoneNumber": "9412345698",
        "expert_educational Qualification": "MBBS",
        "expert_aboutMe": "I am a Doctor",
        "expert_experience": "19 years"
      },
      {
        "expertId": "22",
        "expert_emailId": "expert22@gmail.com",
        "expert_firstName": "Chandran",
        "expert_lastName": "Rao",
        "expert_role": "",
        "expert_Specialization": "Gastroenterologists",
        "expert_phoneNumber": "9412345699",
        "expert_educational Qualification": "MBBS",
        "expert_aboutMe": "I am a Doctor",
        "expert_experience": "9 years"
      },
      {
        "expertId": "23",
        "expert_emailId": "expert23@gmail.com",
        "expert_firstName": "Shannu",
        "expert_lastName": "Shaik",
        "expert_role": "",
        "expert_Specialization": "Gastroenterologists",
        "expert_phoneNumber": "9412345100",
        "expert_educational Qualification": "MBBS",
        "expert_aboutMe": "I am a Doctor",
        "expert_experience": "7 years"
      },
      {
        "expertId": "24",
        "expert_emailId": "expert24@gmail.com",
        "expert_firstName": "Kalyan",
        "expert_lastName": "Kumar",
        "expert_role": "",
        "expert_Specialization": "Gastroenterologists",
        "expert_phoneNumber": "9412345101",
        "expert_educational Qualification": "MBBS",
        "expert_aboutMe": "I am a Doctor",
        "expert_experience": "4 years"
      },
      {
        "expertId": "25",
        "expert_emailId": "expert25@gmail.com",
        "expert_firstName": "Prasad",
        "expert_lastName": "Dev",
        "expert_role": "",
        "expert_Specialization": "Gastroenterologists",
        "expert_phoneNumber": "9412345102",
        "expert_educational Qualification": "MBBS",
        "expert_aboutMe": "I am a Doctor",
        "expert_experience": "8 years"
      }
    ],
    "Enthusiasts": [
      {
        "userId": "1",
        "user_emailId": "user1@gmail.com",
        "user_firstName": "Venu",
        "user_lastName": "Paul",
        "user_phoneNumber": "8241632498"
      },
      {
        "userId": "2",
        "user_emailId": "user2@gmail.com",
        "user_firstName": "Chandra",
        "user_lastName": "Kanth",
        "user_phoneNumber": "8241632499"
      },
      {
        "userId": "3",
        "user_emailId": "user3@gmail.com",
        "user_firstName": "Srikanth",
        "user_lastName": "Ummadi",
        "user_phoneNumber": "8241632500"
      },
      {
        "userId": "4",
        "user_emailId": "user4@gmail.com",
        "user_firstName": "Prasad",
        "user_lastName": "Kumar",
        "user_phoneNumber": "8241632501"
      },
      {
        "userId": "5",
        "user_emailId": "user5@gmail.com",
        "user_firstName": "Upendra",
        "user_lastName": "Kumar",
        "user_phoneNumber": "8241632502"
      },
      {
        "userId": "6",
        "user_emailId": "user6@gmail.com",
        "user_firstName": "Hemanth",
        "user_lastName": "Kumar",
        "user_phoneNumber": "8241632503"
      },
      {
        "userId": "7",
        "user_emailId": "user7@gmail.com",
        "user_firstName": "Chenna",
        "user_lastName": "Krishna",
        "user_phoneNumber": "8241632504"
      },
      {
        "userId": "8",
        "user_emailId": "user8@gmail.com",
        "user_firstName": "Pavan",
        "user_lastName": "Chowdary",
        "user_phoneNumber": "8241632505"
      },
      {
        "userId": "9",
        "user_emailId": "user9@gmail.com",
        "user_firstName": "Hima",
        "user_lastName": "Bindu",
        "user_phoneNumber": "8241632506"
      },
      {
        "userId": "10",
        "user_emailId": "user10@gmail.com",
        "user_firstName": "Pavithra",
        "user_lastName": "Roy",
        "user_phoneNumber": "8241632507"
      }
    ],
    "AddScheduler": [
      {
        "expertId": "1",
        "schedule_Id": "adad122",
        "Schedule_date": "07-21-2022",
        "start_Time": "10:00 AM",
        "end_Time": "11:00 AM",
        "status": "Available",
        "id": 1
      },
      {
        "expertId": "1",
        "schedule_Id": "adad123",
        "Schedule_date": "07-21-2022",
        "start_Time": "12:00 PM",
        "end_Time": "13:00 PM",
        "status": "Available",
        "id": 2
      },
      {
        "expertId": "1",
        "schedule_Id": "adad124",
        "Schedule_date": "08-21-2022",
        "start_Time": "13:00 PM",
        "end_Time": "14:00 PM",
        "status": "Available",
        "id": 3
      },
      {
        "expertId": "2",
        "schedule_Id": "adad125",
        "Schedule_date": "07-21-2022",
        "start_Time": "11:00 AM",
        "end_Time": "12:00 PM",
        "status": "Available",
        "id": 4
      },
      {
        "expertId": "2",
        "schedule_Id": "adad126",
        "Schedule_date": "08-21-2022",
        "start_Time": "15:00 PM",
        "end_Time": "16:00 PM",
        "status": "Available",
        "id": 5
      },
      {
        "expertId": "3",
        "schedule_Id": "adad127",
        "Schedule_date": "07-21-2022",
        "start_Time": "15:00 PM",
        "end_Time": "16:00 PM",
        "status": "Available",
        "id": 6
      },
      {
        "expertId": "3",
        "schedule_Id": "adad128",
        "Schedule_date": "08-21-2022",
        "start_Time": "15:00 PM",
        "end_Time": "16:00 PM",
        "status": "Available",
        "id": 7
      },
      {
        "expertId": "4",
        "schedule_Id": "adad129",
        "Schedule_date": "07-21-2022",
        "start_Time": "15:00 PM",
        "end_Time": "16:00 PM",
        "status": "Available",
        "id": 8
      },
      {
        "expertId": "4",
        "schedule_Id": "adad130",
        "Schedule_date": "08-21-2022",
        "start_Time": "15:00 PM",
        "end_Time": "16:00 PM",
        "status": "Available",
        "id": 9
      },
      {
        "expertId": "5",
        "schedule_Id": "adad131",
        "Schedule_date": "07-21-2022",
        "start_Time": "15:00 PM",
        "end_Time": "16:00 PM",
        "status": "Available",
        "id": 10
      },
      {
        "expertId": "5",
        "schedule_Id": "adad132",
        "Schedule_date": "08-21-2022",
        "start_Time": "15:00 PM",
        "end_Time": "16:00 PM",
        "status": "Available",
        "id": 11
      },
      {
        "expertId": "6",
        "schedule_Id": "adad133",
        "Schedule_date": "07-21-2022",
        "start_Time": "15:00 PM",
        "end_Time": "16:00 PM",
        "status": "Available",
        "id": 12
      },
      {
        "expertId": "6",
        "schedule_Id": "adad134",
        "Schedule_date": "08-21-2022",
        "start_Time": "15:00 PM",
        "end_Time": "16:00 PM",
        "status": "Available",
        "id": 13
      },
      {
        "expertId": "7",
        "schedule_Id": "adad135",
        "Schedule_date": "07-21-2022",
        "start_Time": "15:00 PM",
        "end_Time": "16:00 PM",
        "status": "Available",
        "id": 14
      },
      {
        "expertId": "7",
        "schedule_Id": "adad136",
        "Schedule_date": "08-21-2022",
        "start_Time": "15:00 PM",
        "end_Time": "16:00 PM",
        "status": "Available",
        "id": 15
      },
      {
        "expertId": "8",
        "schedule_Id": "adad137",
        "Schedule_date": "07-21-2022",
        "start_Time": "2:00 PM",
        "end_Time": "2:00 PM",
        "status": "Available",
        "id": 16
      },
      {
        "expertId": "8",
        "schedule_Id": "adad138",
        "Schedule_date": "08-21-2022",
        "start_Time": "5:00 PM",
        "end_Time": "6:00 PM",
        "status": "Available",
        "id": 17
      },
      {
        "expertId": "9",
        "schedule_Id": "adad139",
        "Schedule_date": "07-21-2022",
        "start_Time": "5:00 PM",
        "end_Time": "6:00 PM",
        "status": "Available",
        "id": 18
      },
      {
        "expertId": "9",
        "schedule_Id": "adad140",
        "Schedule_date": "08-21-2022",
        "start_Time": "5:00 PM",
        "end_Time": "6:00 PM",
        "status": "Available",
        "id": 19
      },
      {
        "expertId": "10",
        "schedule_Id": "adad141",
        "Schedule_date": "07-21-2022",
        "start_Time": "5:00 PM",
        "end_Time": "6:00 PM",
        "status": "Available",
        "id": 20
      },
      {
        "expertId": "10",
        "schedule_Id": "adad142",
        "Schedule_date": "08-21-2022",
        "start_Time": "5:00 PM",
        "end_Time": "6:00 PM",
        "status": "Available",
        "id": 21
      },
      {
        "expertId": "11",
        "schedule_Id": "adad143",
        "Schedule_date": "07-21-2022",
        "start_Time": "15:00 PM",
        "end_Time": "16:00 PM",
        "status": "Available",
        "id": 22
      },
      {
        "expertId": "11",
        "schedule_Id": "adad144",
        "Schedule_date": "08-21-2022",
        "start_Time": "15:00 PM",
        "end_Time": "16:00 PM",
        "status": "Available",
        "id": 23
      },
      {
        "expertId": "12",
        "schedule_Id": "adad145",
        "Schedule_date": "07-21-2022",
        "start_Time": "15:00 PM",
        "end_Time": "16:00 PM",
        "status": "Available",
        "id": 24
      },
      {
        "expertId": "12",
        "schedule_Id": "adad146",
        "Schedule_date": "08-21-2022",
        "start_Time": "15:00 PM",
        "end_Time": "16:00 PM",
        "status": "Available",
        "id": 25
      },
      {
        "expertId": "13",
        "schedule_Id": "adad147",
        "Schedule_date": "07-21-2022",
        "start_Time": "15:00 PM",
        "end_Time": "16:00 PM",
        "status": "Available",
        "id": 26
      },
      {
        "expertId": "13",
        "schedule_Id": "adad148",
        "Schedule_date": "08-21-2022",
        "start_Time": "15:00 PM",
        "end_Time": "16:00 PM",
        "status": "Available",
        "id": 27
      },
      {
        "expertId": "14",
        "schedule_Id": "adad149",
        "Schedule_date": "07-21-2022",
        "start_Time": "15:00 PM",
        "end_Time": "16:00 PM",
        "status": "Available",
        "id": 28
      },
      {
        "expertId": "14",
        "schedule_Id": "adad150",
        "Schedule_date": "08-21-2022",
        "start_Time": "15:00 PM",
        "end_Time": "16:00 PM",
        "status": "Available",
        "id": 29
      },
      {
        "expertId": "15",
        "schedule_Id": "adad151",
        "Schedule_date": "07-21-2022",
        "start_Time": "15:00 PM",
        "end_Time": "16:00 PM",
        "status": "Available",
        "id": 30
      },
      {
        "expertId": "15",
        "schedule_Id": "adad152",
        "Schedule_date": "08-21-2022",
        "start_Time": "15:00 PM",
        "end_Time": "16:00 PM",
        "status": "Available",
        "id": 31
      },
      {
        "expertId": "16",
        "schedule_Id": "adad153",
        "Schedule_date": "07-21-2022",
        "start_Time": "15:00 PM",
        "end_Time": "16:00 PM",
        "status": "Available",
        "id": 32
      },
      {
        "expertId": "16",
        "schedule_Id": "adad154",
        "Schedule_date": "08-21-2022",
        "start_Time": "15:00 PM",
        "end_Time": "16:00 PM",
        "status": "Available",
        "id": 33
      },
      {
        "expertId": "17",
        "schedule_Id": "adad155",
        "Schedule_date": "07-21-2022",
        "start_Time": "15:00 PM",
        "end_Time": "16:00 PM",
        "status": "Available",
        "id": 34
      },
      {
        "expertId": "17",
        "schedule_Id": "adad156",
        "Schedule_date": "08-21-2022",
        "start_Time": "15:00 PM",
        "end_Time": "16:00 PM",
        "status": "Available",
        "id": 35
      },
      {
        "expertId": "18",
        "schedule_Id": "adad157",
        "Schedule_date": "07-21-2022",
        "start_Time": "15:00 PM",
        "end_Time": "16:00 PM",
        "status": "Available",
        "id": 36
      },
      {
        "expertId": "18",
        "schedule_Id": "adad158",
        "Schedule_date": "08-21-2022",
        "start_Time": "15:00 PM",
        "end_Time": "16:00 PM",
        "status": "Available",
        "id": 37
      },
      {
        "expertId": "19",
        "schedule_Id": "adad159",
        "Schedule_date": "07-21-2022",
        "start_Time": "15:00 PM",
        "end_Time": "16:00 PM",
        "status": "Available",
        "id": 38
      },
      {
        "expertId": "19",
        "schedule_Id": "adad160",
        "Schedule_date": "08-21-2022",
        "start_Time": "15:00 PM",
        "end_Time": "16:00 PM",
        "status": "Available",
        "id": 39
      },
      {
        "expertId": "20",
        "schedule_Id": "adad161",
        "Schedule_date": "07-21-2022",
        "start_Time": "15:00 PM",
        "end_Time": "16:00 PM",
        "status": "Available",
        "id": 40
      },
      {
        "expertId": "20",
        "schedule_Id": "adad162",
        "Schedule_date": "08-21-2022",
        "start_Time": "15:00 PM",
        "end_Time": "16:00 PM",
        "status": "Available",
        "id": 41
      },
      {
        "expertId": "21",
        "schedule_Id": "adad163",
        "Schedule_date": "07-21-2022",
        "start_Time": "10:00 AM",
        "end_Time": "11:00 AM",
        "status": "Available",
        "id": 42
      },
      {
        "expertId": "21",
        "schedule_Id": "adad164",
        "Schedule_date": "08-21-2022",
        "start_Time": "10:00 AM",
        "end_Time": "11:00 AM",
        "status": "Available",
        "id": 43
      },
      {
        "expertId": "22",
        "schedule_Id": "adad1565",
        "Schedule_date": "07-21-2022",
        "start_Time": "10:00 AM",
        "end_Time": "21:00 AM",
        "status": "Available",
        "id": 44
      },
      {
        "expertId": "22",
        "schedule_Id": "adad166",
        "Schedule_date": "08-21-2022",
        "start_Time": "10:00 AM",
        "end_Time": "11:00 AM",
        "status": "Available",
        "id": 45
      },
      {
        "expertId": "23",
        "schedule_Id": "adad167",
        "Schedule_date": "07-21-2022",
        "start_Time": "10:00 AM",
        "end_Time": "11:00 AM",
        "status": "Available",
        "id": 46
      },
      {
        "expertId": "23",
        "schedule_Id": "adad168",
        "Schedule_date": "08-21-2022",
        "start_Time": "10:00 AM",
        "end_Time": "11:00 AM",
        "status": "Available",
        "id": 47
      },
      {
        "expertId": "24",
        "schedule_Id": "adad169",
        "Schedule_date": "07-21-2022",
        "start_Time": "10:00 AM",
        "end_Time": "11:00 AM",
        "status": "Available",
        "id": 48
      },
      {
        "expertId": "24",
        "schedule_Id": "adad170",
        "Schedule_date": "08-21-2022",
        "start_Time": "10:00 AM",
        "end_Time": "11:00 AM",
        "status": "Available",
        "id": 49
      },
      {
        "expertId": "25",
        "schedule_Id": "adad171",
        "Schedule_date": "07-21-2022",
        "start_Time": "10:00 AM",
        "end_Time": "11:00 AM",
        "status": "Available",
        "id": 50
      },
      {
        "expertId": "25",
        "schedule_Id": "adad172",
        "Schedule_date": "08-21-2022",
        "start_Time": "10:00 AM",
        "end_Time": "11:00 AM",
        "status": "Available",
        "id": 51
      }
    ],
  
  
    "Appointment": [
      {
        "appointment_id": "aaa123",
        "user_emailId": "user1@gmail.com",
        "expert_emailId": "expert1@gmail.com",
        "Appointment_date": "",
        "Booked_on": "",
        "Appointment_specialization": "",
        "Patient_concern": "",
        "Start_time": "",
        "End_time": "",
        "Appointment_status": ""
      },{
        "appointment_id": "",
        "user_emailId": "",
        "expert_emailId": "",
        "Appointment_date": "",
        "Booked_on": "",
        "Appointment_specialization": "",
        "Patient_concern": "",
        "Start_time": "",
        "End_time": "",
        "Appointment_status": ""
      }
    ]
  }