{
    "BookAppointment": [
        {
            "appointmentId": "120",
            "patientEmail": "pal@gmail.com",
            "doctorEmail": "shiv.doctor@gmail.com",
            "patientIssue": "suffring from fever",
            "slotId": "27",
            "appointmentDate": "2022-04-21",
            "appointmentStartTime": "17:00",
            "appointmentEndTime": "17:30",
            "appointmentStatus": true
        },
        {
            "appointmentId": "121",
            "patientEmail": "dk@gmail.com",
            "doctorEmail": "pk.doctor@gmail.com",
            "patientIssue": "suffring from fever",
            "slotId": "98",
            "appointmentDate": "2022-04-28",
            "appointmentStartTime": "12:00",
            "appointmentEndTime": "12:30",
            "appointmentStatus": true
        },
        {
            "appointmentId": "122",
            "patientEmail": "lk@gmail.com",
            "doctorEmail": "bhatiya.doctor@gmail.com",
            "patientIssue": "suffring from fever",
            "slotId": "99",
            "appointmentDate": "2022-04-22",
            "appointmentStartTime": "11:00",
            "appointmentEndTime": "11:30",
            "appointmentStatus": true
        },
        {
            "appointmentId": "123",
            "patientEmail": "jky@gmail.com",
            "doctorEmail": "pankaj.doctor@gmail.com",
            "patientIssue": "suffring from fever",
            "slotId": "100",
            "appointmentDate": "2022-04-28",
            "appointmentStartTime": "17:00",
            "appointmentEndTime": "17:30",
            "appointmentStatus": true
        },
        {
            "appointmentId": "124",
            "patientEmail": "cp@gmail.com",
            "doctorEmail": "sonu.doctor@gmail.com",
            "patientIssue": "suffring from fever",
            "slotId": "101",
            "appointmentDate":"2022-04-28",
            "appointmentStartTime": "17:30",
            "appointmentEndTime": "18:00",
            "appointmentStatus": true
        },
        {
            "appointmentId": "125",
            "patientEmail": "dky@gmail.com",
            "doctorEmail": "suresh.doctor@gmail.com",
            "patientIssue": "suffring from fever",
            "slotId": "102",
            "appointmentDate": "2022-04-29",
            "appointmentStartTime": "11:00",
            "appointmentEndTime": "11:30",
            "appointmentStatus": true
        },
        {
            "appointmentId": "126",
            "patientEmail": "jky@gmail.com",
            "doctorEmail": "ramesh.doctor@gmail.com",
            "patientIssue": "suffring from fever",
            "slotId": "103",
            "appointmentDate": "2022-04-27",
            "appointmentStartTime": "12:00",
            "appointmentEndTime": "12:30",
            "appointmentStatus": true
        },
        {
            "appointmentId": "127",
            "patientEmail": "kky@gmail.com",
            "doctorEmail": "jeevan.doctor@gmail.com",
            "patientIssue": "suffring from fever",
            "slotId": "104",
            "appointmentDate": "2022-04-26",
            "appointmentStartTime": "12:00",
            "appointmentEndTime": "12:30",
            "appointmentStatus": true
        },
        {
            "appointmentId": "128",
            "patientEmail": "gggy@gmail.com",
            "doctorEmail": "sukla.doctor@gmail.com",
            "patientIssue": "suffring from fever",
            "slotId": "105",
            "appointmentDate": "2022-04-25",
            "appointmentStartTime": "12:00",
            "appointmentEndTime": "12:30",
            "appointmentStatus": true
        },
        {
            "appointmentId": "129",
            "patientEmail": "kky@gmail.com",
            "doctorEmail": "pathak.doctor@gmail.com",
            "patientIssue": "suffring from fever",
            "slotId": "106",
            "appointmentDate": "2022-04-29",
            "appointmentStartTime": "16:00",
            "appointmentEndTime": "16:30",
            "appointmentStatus": true
        },
        {
            "appointmentId": "130",
            "patientEmail": "kky@gmail.com",
            "doctorEmail": "rahul.doctor@gmail.com",
            "patientIssue": "suffring from fever",
            "slotId": "107",
            "appointmentDate": "2022-04-30",
            "appointmentStartTime": "12:00",
            "appointmentEndTime": "12:30",
            "appointmentStatus": true
        },
        {
            "appointmentId": "131",
            "patientEmail": "kky@gmail.com",
            "doctorEmail": "avi.doctor@gmail.com",
            "patientIssue": "suffring from fever",
            "slotId": "108",
            "appointmentDate": "2022-04-26",
            "appointmentStartTime": "12:00",
            "appointmentEndTime": "12:30",
            "appointmentStatus": true
        },
        {
            "appointmentId": "132",
            "patientEmail": "kky@gmail.com",
            "doctorEmail": "sharma.doctor@gmail.com",
            "patientIssue": "suffring from fever",
            "slotId": "109",
            "appointmentDate": "2022-04-28",
            "appointmentStartTime": "10:00",
            "appointmentEndTime": "10:30",
            "appointmentStatus": true
        },
        {
            "appointmentId": "133",
            "patientEmail": "juli@gmail.com",
            "doctorEmail": "sharma.doctor@gmail.com",
            "patientIssue": "suffring from fever",
            "slotId": "110",
            "appointmentDate": "2022-05-10",
            "appointmentStartTime": "10:00",
            "appointmentEndTime": "10:30",
            "appointmentStatus": true
        },
        {
            "appointmentId": "134",
            "patientEmail": "pavan@gmail.com",
            "doctorEmail": "yadav.doctor@gmail.com",
            "patientIssue": "suffring from fever",
            "slotId": "111",
            "appointmentDate": "2022-05-10",
            "appointmentStartTime": "11:00",
            "appointmentEndTime": "11:30",
            "appointmentStatus": true
        },
        {
            "appointmentId": "135",
            "patientEmail": "jyoti@gmail.com",
            "doctorEmail": "verma.doctor@gmail.com",
            "patientIssue": "suffring from fever",
            "slotId": "112",
            "appointmentDate": "2022-05-11",
            "appointmentStartTime": "10:00",
            "appointmentEndTime": "10:30",
            "appointmentStatus": true
        },
        {
            "appointmentId": "136",
            "patientEmail": "janvi@gmail.com",
            "doctorEmail": "sharma.doctor@gmail.com",
            "patientIssue": "suffring from fever",
            "slotId": "113",
            "appointmentDate": "2022-05-11",
            "appointmentStartTime": "12:00",
            "appointmentEndTime": "12:30",
            "appointmentStatus": true
        },
        {
            "appointmentId": "137",
            "patientEmail": "rekha@gmail.com",
            "doctorEmail": "verma.doctor@gmail.com",
            "patientIssue": "suffring from fever",
            "slotId": "114",
            "appointmentDate": "2022-05-11",
            "appointmentStartTime": "10:40",
            "appointmentEndTime": "11:10",
            "appointmentStatus": true
        },
        {
            "appointmentId": "138",
            "patientEmail": "kuldeep@gmail.com",
            "doctorEmail": "babu.doctor@gmail.com",
            "patientIssue": "suffring from fever",
            "slotId": "115",
            "appointmentDate": "2022-05-16",
            "appointmentStartTime": "10:00",
            "appointmentEndTime": "10:30",
            "appointmentStatus": true
        },
        {
            "appointmentId": "139",
            "patientEmail": "vivek@gmail.com",
            "doctorEmail": "dharam.doctor@gmail.com",
            "patientIssue": "suffring from fever",
            "slotId": "116",
            "appointmentDate": "2022-05-13",
            "appointmentStartTime": "17:00",
            "appointmentEndTime": "17:30",
            "appointmentStatus": true
        },
        {
            "appointmentId": "140",
            "patientEmail": "kamlesh@gmail.com",
            "doctorEmail": "naveen.doctor@gmail.com",
            "patientIssue": "suffring from fever",
            "slotId": "117",
            "appointmentDate": "2022-05-17",
            "appointmentStartTime": "11:00",
            "appointmentEndTime": "11:30",
            "appointmentStatus": true
        },
        {
            "appointmentId": "141",
            "patientEmail": "najiya@gmail.com",
            "doctorEmail": "battra.doctor@gmail.com",
            "patientIssue": "suffring from fever",
            "slotId": "118",
            "appointmentDate": "2022-06-01",
            "appointmentStartTime": "10:00",
            "appointmentEndTime": "10:30",
            "appointmentStatus": true
        },
        {
            "appointmentId": "142",
            "patientEmail": "nayna@gmail.com",
            "doctorEmail": "battra.doctor@gmail.com",
            "patientIssue": "suffring from fever",
            "slotId": "119",
            "appointmentDate": "2022-06-01",
            "appointmentStartTime": "12:00",
            "appointmentEndTime": "12:30",
            "appointmentStatus": true
        },
        {
            "appointmentId": "143",
            "patientEmail": "jyoya@gmail.com",
            "doctorEmail": "kashim.doctor@gmail.com",
            "patientIssue": "suffring from fever",
            "slotId": "120",
            "appointmentDate": "2022-06-02",
            "appointmentStartTime": "10:00",
            "appointmentEndTime": "10:30",
            "appointmentStatus": true
        },
        {
            "appointmentId": "144",
            "patientEmail": "sanu@gmail.com",
            "doctorEmail": "kamal.doctor@gmail.com",
            "patientIssue": "suffring from fever",
            "slotId": "121",
            "appointmentDate": "2022-06-01",
            "appointmentStartTime": "11:00",
            "appointmentEndTime": "11:30",
            "appointmentStatus": true
        },
        {
            "appointmentId": "145",
            "patientEmail": "dev@gmail.com",
            "doctorEmail": "kamal.doctor@gmail.com",
            "patientIssue": "suffring from fever",
            "slotId": "122",
            "appointmentDate": "2022-06-01",
            "appointmentStartTime": "18:00",
            "appointmentEndTime": "18:30",
            "appointmentStatus": true
        },
        {
            "appointmentId": "146",
            "patientEmail": "savrabh@gmail.com",
            "doctorEmail": "nirala.doctor@gmail.com",
            "patientIssue": "suffring from fever",
            "slotId": "123",
            "appointmentDate": "2022-06-01",
            "appointmentStartTime": "12:00",
            "appointmentEndTime": "12:30",
            "appointmentStatus": true
        },
        {
            "appointmentId": "147",
            "patientEmail": "keshav@gmail.com",
            "doctorEmail": "nirala.doctor@gmail.com",
            "patientIssue": "suffring from fever",
            "slotId": "124",
            "appointmentDate": "2022-06-04",
            "appointmentStartTime": "11:00",
            "appointmentEndTime": "11:30",
            "appointmentStatus": true
        },
        {
            "appointmentId": "148",
            "patientEmail": "sanu@gmail.com",
            "doctorEmail": "kamal.doctor@gmail.com",
            "patientIssue": "suffring from fever",
            "slotId": "125",
            "appointmentDate": "2022-06-01",
            "appointmentStartTime": "19:00",
            "appointmentEndTime": "19:30",
            "appointmentStatus": true
        },
        {
            "appointmentId": "149",
            "patientEmail": "sanu@gmail.com",
            "doctorEmail": "kamala.doctor@gmail.com",
            "patientIssue": "suffring from fever",
            "slotId": "126",
            "appointmentDate": "2022-06-07",
            "appointmentStartTime": "11:00",
            "appointmentEndTime": "11:30",
            "appointmentStatus": true
        },
        {
            "appointmentId": "150",
            "patientEmail": "sanu@gmail.com",
            "doctorEmail": "kamala.doctor@gmail.com",
            "patientIssue": "suffring from fever",
            "slotId": "127",
            "appointmentDate": "2022-06-023",
            "appointmentStartTime": "11:00",
            "appointmentEndTime": "11:30",
            "appointmentStatus": true
        },
        {
            "appointmentId": "151",
            "patientEmail": "monu@gmail.com",
            "doctorEmail": "hema.doctor@gmail.com",
            "patientIssue": "suffring from fever",
            "slotId": "128",
            "appointmentDate": "2022-06-22",
            "appointmentStartTime": "11:00",
            "appointmentEndTime": "11:30",
            "appointmentStatus": true
        },
        {
            "appointmentId": "152",
            "patientEmail": "dheeru@gmail.com",
            "doctorEmail": "meeru.doctor@gmail.com",
            "patientIssue": "suffring from fever",
            "slotId": "129",
            "appointmentDate": "2022-06-22",
            "appointmentStartTime": "13:00",
            "appointmentEndTime": "13:30",
            "appointmentStatus": true
        },
        {
            "appointmentId": "153",
            "patientEmail": "kaalu@gmail.com",
            "doctorEmail": "komal.doctor@gmail.com",
            "patientIssue": "suffring from fever",
            "slotId": "130",
            "appointmentDate": "2022-06-22",
            "appointmentStartTime": "14:00",
            "appointmentEndTime": "14:30",
            "appointmentStatus": true
        },
        {
            "appointmentId": "154",
            "patientEmail": "llk@gmail.com",
            "doctorEmail": "ddk.doctor@gmail.com",
            "patientIssue": "suffring from fever",
            "slotId": "131",
            "appointmentDate": "2022-03-22",
            "appointmentStartTime": "14:00",
            "appointmentEndTime": "14:30",
            "appointmentStatus": true
        },
        {
            "appointmentId": "155",
            "patientEmail": "deva@gmail.com",
            "doctorEmail": "sajid.doctor@gmail.com",
            "patientIssue": "suffring from fever",
            "slotId": "132",
            "appointmentDate": "2022-03-24",
            "appointmentStartTime": "15:00",
            "appointmentEndTime": "15:30",
            "appointmentStatus": true
        },
        {
            "appointmentId": "156",
            "patientEmail": "marriya@gmail.com",
            "doctorEmail": "shukhdev.doctor@gmail.com",
            "patientIssue": "suffring from fever",
            "slotId": "133",
            "appointmentDate": "2022-02-22",
            "appointmentStartTime": "14:00",
            "appointmentEndTime": "14:30",
            "appointmentStatus": true
        },
        {
            "appointmentId": "157",
            "patientEmail": "rampal@gmail.com",
            "doctorEmail": "shukhdev.doctor@gmail.com",
            "patientIssue": "suffring from fever",
            "slotId": "134",
            "appointmentDate": "2022-02-22",
            "appointmentStartTime": "10:00",
            "appointmentEndTime": "10:30",
            "appointmentStatus": true
        },
        {
            "appointmentId": "158",
            "patientEmail": "sarvan@gmail.com",
            "doctorEmail": "shukla.doctor@gmail.com",
            "patientIssue": "suffring from fever",
            "slotId": "135",
            "appointmentDate": "2022-02-22",
            "appointmentStartTime": "18:00",
            "appointmentEndTime": "18:30",
            "appointmentStatus": true
        },
        {
            "appointmentId": "159",
            "patientEmail": "mahek@gmail.com",
            "doctorEmail": "raju.doctor@gmail.com",
            "patientIssue": "suffring from fever",
            "slotId": "136",
            "appointmentDate": "2022-03-12",
            "appointmentStartTime": "18:00",
            "appointmentEndTime": "18:30",
            "appointmentStatus": true
        },
        {
            "appointmentId": "160",
            "patientEmail": "vinod@gmail.com",
            "doctorEmail": "vimal.doctor@gmail.com",
            "patientIssue": "suffring from fever",
            "slotId": "137",
            "appointmentDate": "2022-02-28",
            "appointmentStartTime": "17:00",
            "appointmentEndTime": "17:30",
            "appointmentStatus": true
        },
        {
            "appointmentId": "161",
            "patientEmail": "rachna@gmail.com",
            "doctorEmail": "tiwari.doctor@gmail.com",
            "patientIssue": "suffring from fever",
            "slotId": "138",
            "appointmentDate": "2022-04-28",
            "appointmentStartTime": "19:00",
            "appointmentEndTime": "19:30",
            "appointmentStatus": true
        },
        {
            "appointmentId": "162",
            "patientEmail": "Archna@gmail.com",
            "doctorEmail": "tiwari.doctor@gmail.com",
            "patientIssue": "suffring from fever",
            "slotId": "139",
            "appointmentDate": "2022-04-28",
            "appointmentStartTime": "17:00",
            "appointmentEndTime": "17:30",
            "appointmentStatus": true
        }

    ]
}