{
  "doctor_List": [
    {
      "id": 1,
      "doctorEmailId": "Agarwal.Anil@gmail.com",
      "doctorName": "Dr. Agarwal Anil",
      "contactNo": "7676886787676",
      "gender": "male",
      "experience": 4,
      "specialization": "Dermatologist",
      "city": "Gurgaon"
    },
    {
      "id": 2,
      "doctorEmailId": "Agarwal.Biplav@gmail.com",
      "doctorName": "Dr. Agarwal Biplav",
      "contactNo": "8798987655",
      "gender": "male",
      "experience": 6,
      "specialization": "Gynaecologist",
      "city": "Gurgaon"
    },
    {
      "id": 3,
      "doctorEmailId": "Balhara.Sonu@gmail.com",
      "doctorName": "Dr. Balhara Sonu",
      "contactNo": "4545332300",
      "gender": "male",
      "experience": 2,
      "specialization": "Oncologist-Medical",
      "city": "Gurgaon"
    },
    {
      "id": 4,
      "doctorEmailId": "Gupta.Amit@gmail.com",
      "doctorName": "Dr. Gupta Amit",
      "contactNo": "9876657655",
      "gender": "male",
      "experience": 3,
      "specialization": "Cosmetologist and Trichologist",
      "city": "Gurgaon"
    },
    {
      "id": 5,
      "doctorEmailId": "Kumar.Ajay@gmail.com",
      "doctorName": "Dr. Kumar Ajay",
      "contactNo": "9877657788",
      "gender": "male",
      "experience": 8,
      "specialization": "Chest Physician",
      "city": "Gurgaon"
    },
    {
      "id": 6,
      "doctorEmailId": "Agarwal.Anil@gmail.com",
      "doctorName": "Dr. Agarwal Anil",
      "contactNo": "7676886787676",
      "gender": "male",
      "experience": 4,
      "specialization": "Dermatologist",
      "city": "Gurgaon"
    },
    {
      "id": 7,
      "doctorEmailId": "Agarwal.Biplav@gmail.com",
      "doctorName": "Dr. Agarwal Biplav",
      "contactNo": "8798987655",
      "gender": "male",
      "experience": 6,
      "specialization": "Gynaecologist",
      "city": "Gurgaon"
    },
    {
      "id": 8,
      "doctorEmailId": "Balhara.Sonu@gmail.com",
      "doctorName": "Dr. Balhara Sonu",
      "contactNo": "4545332300",
      "gender": "male",
      "experience": 2,
      "specialization": "Oncologist-Medical",
      "city": "Gurgaon"
    },
    {
      "id": 9,
      "doctorEmailId": "Gupta.Amit@gmail.com",
      "doctorName": "Dr. Gupta Amit",
      "contactNo": "9876657655",
      "gender": "male",
      "experience": 3,
      "specialization": "Cosmetologist and Trichologist",
      "city": "Gurgaon"
    },
    {
      "id": 10,
      "doctorEmailId": "Kumar.Ajay@gmail.com",
      "doctorName": "Dr. Kumar Ajay",
      "contactNo": "9877657788",
      "gender": "male",
      "experience": 8,
      "specialization": "Chest Physician",
      "city": "Gurgaon"
    },
    {
      "id": 11,
      "doctorEmailId": "Agarwal.Anil@gmail.com",
      "doctorName": "Dr. Agarwal Anil",
      "contactNo": "7676886787676",
      "gender": "male",
      "experience": 4,
      "specialization": "Dermatologist",
      "city": "Gurgaon"
    },
    {
      "id": 12,
      "doctorEmailId": "Agarwal.Biplav@gmail.com",
      "doctorName": "Dr. Agarwal Biplav",
      "contactNo": "8798987655",
      "gender": "male",
      "experience": 6,
      "specialization": "Gynaecologist",
      "city": "Gurgaon"
    },
    {
      "id": 13,
      "doctorEmailId": "Balhara.Sonu@gmail.com",
      "doctorName": "Dr. Balhara Sonu",
      "contactNo": "4545332300",
      "gender": "male",
      "experience": 2,
      "specialization": "Oncologist-Medical",
      "city": "Gurgaon"
    },
    {
      "id": 14,
      "doctorEmailId": "Gupta.Amit@gmail.com",
      "doctorName": "Dr. Gupta Amit",
      "contactNo": "9876657655",
      "gender": "male",
      "experience": 3,
      "specialization": "Cosmetologist and Trichologist",
      "city": "Gurgaon"
    },
    {
      "id": 15,
      "doctorEmailId": "Kumar.Ajay@gmail.com",
      "doctorName": "Dr. Kumar Ajay",
      "contactNo": "9877657788",
      "gender": "male",
      "experience": 8,
      "specialization": "Chest Physician",
      "city": "Gurgaon"
    },
    {
      "id": 16,
      "doctorEmailId": "Agarwal.Anil@gmail.com",
      "doctorName": "Dr. Agarwal Anil",
      "contactNo": "7676886787676",
      "gender": "male",
      "experience": 4,
      "specialization": "Dermatologist",
      "city": "Gurgaon"
    },
    {
      "id": 17,
      "doctorEmailId": "Agarwal.Biplav@gmail.com",
      "doctorName": "Dr. Agarwal Biplav",
      "contactNo": "8798987655",
      "gender": "male",
      "experience": 6,
      "specialization": "Gynaecologist",
      "city": "Gurgaon"
    },
    {
      "id": 18,
      "doctorEmailId": "Balhara.Sonu@gmail.com",
      "doctorName": "Dr. Balhara Sonu",
      "contactNo": "4545332300",
      "gender": "male",
      "experience": 2,
      "specialization": "Oncologist-Medical",
      "city": "Gurgaon"
    },
    {
      "id": 19,
      "doctorEmailId": "Gupta.Amit@gmail.com",
      "doctorName": "Dr. Gupta Amit",
      "contactNo": "9876657655",
      "gender": "male",
      "experience": 3,
      "specialization": "Cosmetologist and Trichologist",
      "city": "Gurgaon"
    },
    {
      "id": 20,
      "doctorEmailId": "Kumar.Ajay@gmail.com",
      "doctorName": "Dr. Kumar Ajay",
      "contactNo": "9877657788",
      "gender": "male",
      "experience": 8,
      "specialization": "Chest Physician",
      "city": "Gurgaon"
    }
  ],
  "slots": [
    {
      "id": 100,
      "slotId": "100",
      "doctorEmail": "Agarwal.Anil@gmail.com",
      "slotDate": "19/04/2022",
      "slotStartTime": "09:00 AM",
      "slotEndTime": "10:30 PM",
      "slotAvailable": "false"
    },
    {
      "id": 101,
      "slotId": "101",
      "doctorEmail": "Agarwal.Biplav@gmail.com",
      "slotDate": "19/04/2022",
      "slotStartTime": "09:00 AM",
      "slotEndTime": "10:30 PM",
      "slotAvailable": "true"
    },
    {
      "id": 102,
      "slotId": "102",
      "doctorEmail": "Balhara.Sonu@gmail.com",
      "slotDate": "19/04/2022",
      "slotStartTime": "09:00 AM",
      "slotEndTime": "10:30 PM",
      "slotAvailable": "true"
    },
    {
      "id": 103,
      "slotId": "103",
      "doctorEmail": "Gupta.Amit@gmail.com",
      "slotDate": "19/04/2022",
      "slotStartTime": "09:00 AM",
      "slotEndTime": "10:30 PM",
      "slotAvailable": "true"
    },
    {
      "id": 104,
      "slotId": "104",
      "doctorEmail": "Kumar.Ajay@gmail.com",
      "slotDate": "19/04/2022",
      "slotStartTime": "09:00 AM",
      "slotEndTime": "10:30 PM",
      "slotAvailable": "true"
    },
    {
      "id": 105,
      "slotId": "105",
      "doctorEmail": "Agarwal.Anil@gmail.com",
      "slotDate": "19/04/2022",
      "slotStartTime": "11:00 AM",
      "slotEndTime": "12:30 PM",
      "slotAvailable": "false"
    },
    {
      "id": 106,
      "slotId": "106",
      "doctorEmail": "Agarwal.Biplav@gmail.com",
      "slotDate": "19/04/2022",
      "slotStartTime": "11:00 AM",
      "slotEndTime": "12:30 PM",
      "slotAvailable": "true"
    },
    {
      "id": 107,
      "slotId": "107",
      "doctorEmail": "Balhara.Sonu@gmail.com",
      "slotDate": "19/04/2022",
      "slotStartTime": "11:00 AM",
      "slotEndTime": "12:30 PM",
      "slotAvailable": "true"
    },
    {
      "id": 108,
      "slotId": "108",
      "doctorEmail": "Gupta.Amit@gmail.com",
      "slotDate": "19/04/2022",
      "slotStartTime": "11:00 AM",
      "slotEndTime": "12:30 PM",
      "slotAvailable": "true"
    },
    {
      "id": 109,
      "slotId": "109",
      "doctorEmail": "Kumar.Ajay@gmail.com",
      "slotDate": "19/04/2022",
      "slotStartTime": "11:00 AM",
      "slotEndTime": "12:30 PM",
      "slotAvailable": "true"
    },
    {
      "id": 110,
      "slotId": "110",
      "doctorEmail": "Agarwal.Anil@gmail.com",
      "slotDate": "19/04/2022",
      "slotStartTime": "01:00 PM",
      "slotEndTime": "02:30 PM",
      "slotAvailable": "false"
    },
    {
      "id": 111,
      "slotId": "111",
      "doctorEmail": "Agarwal.Biplav@gmail.com",
      "slotDate": "19/04/2022",
      "slotStartTime": "01:00 PM",
      "slotEndTime": "02:30 PM",
      "slotAvailable": "true"
    },
    {
      "id": 112,
      "slotId": "112",
      "doctorEmail": "Balhara.Sonu@gmail.com",
      "slotDate": "19/04/2022",
      "slotStartTime": "01:00 PM",
      "slotEndTime": "02:30 PM",
      "slotAvailable": "true"
    },
    {
      "id": 113,
      "slotId": "113",
      "doctorEmail": "Gupta.Amit@gmail.com",
      "slotDate": "19/04/2022",
      "slotStartTime": "01:00 PM",
      "slotEndTime": "02:30 PM",
      "slotAvailable": "true"
    },
    {
      "id": 114,
      "slotId": "114",
      "doctorEmail": "Kumar.Ajay@gmail.com",
      "slotDate": "19/04/2022",
      "slotStartTime": "01:00 PM",
      "slotEndTime": "02:30 PM",
      "slotAvailable": "true"
    },
    {
      "id": 115,
      "slotId": "115",
      "doctorEmail": "Agarwal.Anil@gmail.com",
      "slotDate": "19/04/2022",
      "slotStartTime": "04:00 PM",
      "slotEndTime": "5:30 PM",
      "slotAvailable": "false"
    },
    {
      "id": 116,
      "slotId": "116",
      "doctorEmail": "Agarwal.Biplav@gmail.com",
      "slotDate": "19/04/2022",
      "slotStartTime": "04:00 PM",
      "slotEndTime": "5:30 PM",
      "slotAvailable": "true"
    },
    {
      "id": 117,
      "slotId": "117",
      "doctorEmail": "Balhara.Sonu@gmail.com",
      "slotDate": "19/04/2022",
      "slotStartTime": "04:00 PM",
      "slotEndTime": "5:30 PM",
      "slotAvailable": "true"
    },
    {
      "id": 118,
      "slotId": "118",
      "doctorEmail": "Gupta.Amit@gmail.com",
      "slotDate": "19/04/2022",
      "slotStartTime": "04:00 PM",
      "slotEndTime": "5:30 PM",
      "slotAvailable": "true"
    },
    {
      "id": 119,
      "slotId": "119",
      "doctorEmail": "Kumar.Ajay@gmail.com",
      "slotDate": "19/04/2022",
      "slotStartTime": "04:00 PM",
      "slotEndTime": "5:30 PM",
      "slotAvailable": "true"
    },
    {
      "id": 120,
      "slotId": "120",
      "doctorEmail": "Agarwal.Anil@gmail.com",
      "slotDate": "20/04/2022",
      "slotStartTime": "09:00 AM",
      "slotEndTime": "10:30 PM",
      "slotAvailable": "false"
    },
    {
      "id": 121,
      "slotId": "121",
      "doctorEmail": "Agarwal.Biplav@gmail.com",
      "slotDate": "20/04/2022",
      "slotStartTime": "09:00 AM",
      "slotEndTime": "10:30 PM",
      "slotAvailable": "true"
    },
    {
      "id": 122,
      "slotId": "122",
      "doctorEmail": "Balhara.Sonu@gmail.com",
      "slotDate": "20/04/2022",
      "slotStartTime": "09:00 AM",
      "slotEndTime": "10:30 PM",
      "slotAvailable": "true"
    },
    {
      "id": 123,
      "slotId": "123",
      "doctorEmail": "Gupta.Amit@gmail.com",
      "slotDate": "20/04/2022",
      "slotStartTime": "09:00 AM",
      "slotEndTime": "10:30 PM",
      "slotAvailable": "true"
    },
    {
      "id": 124,
      "slotId": "124",
      "doctorEmail": "Kumar.Ajay@gmail.com",
      "slotDate": "20/04/2022",
      "slotStartTime": "09:00 AM",
      "slotEndTime": "10:30 PM",
      "slotAvailable": "true"
    },
    {
      "id": 125,
      "slotId": "125",
      "doctorEmail": "Agarwal.Anil@gmail.com",
      "slotDate": "20/04/2022",
      "slotStartTime": "11:00 AM",
      "slotEndTime": "12:30 PM",
      "slotAvailable": "false"
    },
    {
      "id": 126,
      "slotId": "126",
      "doctorEmail": "Agarwal.Biplav@gmail.com",
      "slotDate": "20/04/2022",
      "slotStartTime": "11:00 AM",
      "slotEndTime": "12:30 PM",
      "slotAvailable": "true"
    },
    {
      "id": 127,
      "slotId": "127",
      "doctorEmail": "Balhara.Sonu@gmail.com",
      "slotDate": "20/04/2022",
      "slotStartTime": "11:00 AM",
      "slotEndTime": "12:30 PM",
      "slotAvailable": "true"
    },
    {
      "id": 128,
      "slotId": "128",
      "doctorEmail": "Gupta.Amit@gmail.com",
      "slotDate": "20/04/2022",
      "slotStartTime": "11:00 AM",
      "slotEndTime": "12:30 PM",
      "slotAvailable": "true"
    },
    {
      "id": 129,
      "slotId": "129",
      "doctorEmail": "Kumar.Ajay@gmail.com",
      "slotDate": "20/04/2022",
      "slotStartTime": "11:00 AM",
      "slotEndTime": "12:30 PM",
      "slotAvailable": "true"
    },
    {
      "id": 130,
      "slotId": "130",
      "doctorEmail": "Agarwal.Anil@gmail.com",
      "slotDate": "19/04/2022",
      "slotStartTime": "10:00 PM",
      "slotEndTime": "12:30 AM",
      "slotAvailable": "false"
    },
    {
      "id": 131,
      "slotId": "131",
      "doctorEmail": "Agarwal.Anil@gmail.com",
      "slotDate": "19/04/2022",
      "slotStartTime": "08:00 PM",
      "slotEndTime": "8:30 PM",
      "slotAvailable": "true"
    },
    {
      "id": 132,
      "slotId": "132",
      "doctorEmail": "Agarwal.Anil@gmail.com",
      "slotDate": "19/04/2022",
      "slotStartTime": "07:00 PM",
      "slotEndTime": "7:30 PM",
      "slotAvailable": "true"
    },
    {
      "id": 133,
      "slotId": "133",
      "doctorEmail": "Agarwal.Anil@gmail.com",
      "slotDate": "19/04/2022",
      "slotStartTime": "06:00 PM",
      "slotEndTime": "6:30 PM",
      "slotAvailable": "true"
    },
    {
      "id": 133,
      "slotId": "133",
      "doctorEmail": "Agarwal.Anil@gmail.com",
      "slotDate": "19/04/2022",
      "slotStartTime": "05:00 PM",
      "slotEndTime": "5:30 PM",
      "slotAvailable": "true"
    },
    {
      "id": 134,
      "slotId": "134",
      "doctorEmail": "Agarwal.Anil@gmail.com",
      "slotDate": "19/04/2022",
      "slotStartTime": "04:00 PM",
      "slotEndTime": "4:30 PM",
      "slotAvailable": "true"
    }
  ],
  "Book_appointment": [
    {
      "id": 1,
      "appointmentId": 1,
      "patientEmail": "chrwin@me.com",
      "doctorEmail": "Agarwal.Anil@gmail.com",
      "patientIssue": "Shortness of breath",
      "slotId": "100",
      "appointmentDate": "12/04/2022",
      "appointmentStartTime": "10:00 AM",
      "appointmentEndTime": "11:00 AM",
      "appointmentStatus": "true"
    },
    {
      "id": 2,
      "appointmentId": 1,
      "patientEmail": "chrwin@me.com",
      "doctorEmail": "Agarwal.Anil@gmail.com",
      "patientIssue": "Shortness of breath",
      "slotId": "120",
      "appointmentDate": "20/04/2022",
      "appointmentStartTime": "09:00 AM",
      "appointmentEndTime": "10:30 PM",
      "appointmentStatus": "true"
    },
    {
      "id": 3,
      "appointmentId": 1,
      "patientEmail": "chrwin@me.com",
      "doctorEmail": "Agarwal.Anil@gmail.com",
      "patientIssue": "Shortness of breath",
      "slotId": "125",
      "appointmentDate": "20/04/2022",
      "appointmentStartTime": "11:00 AM",
      "appointmentEndTime": "12:30 PM",
      "appointmentStatus": "true"
    },
    {
      "id": "iokxyh8olvo",
      "appointmentId": 1,
      "patientEmail": "chrwin@me.com",
      "doctorEmail": "Agarwal.Anil@gmail.com",
      "patientIssue": "Shortness of breath",
      "slotId": "100",
      "appointmentDate": "19/04/2022",
      "appointmentStartTime": "11:00 AM",
      "appointmentEndTime": "12:30 PM",
      "appointmentStatus": "true"
    },
    {
      "id": "6s8ibtccgk",
      "appointmentId": 1,
      "patientEmail": "chrwin@me.com",
      "doctorEmail": "Agarwal.Anil@gmail.com",
      "patientIssue": "Shortness of breath",
      "slotId": "105",
      "appointmentDate": "19/04/2022",
      "appointmentStartTime": "11:00 AM",
      "appointmentEndTime": "12:30 PM",
      "appointmentStatus": "true"
    },
    {
      "id": "pniuw7j70h",
      "appointmentId": 1,
      "patientEmail": "chrwin@me.com",
      "doctorEmail": "Agarwal.Anil@gmail.com",
      "patientIssue": "Shortness of breath",
      "slotId": "120",
      "appointmentDate": "20/04/2022",
      "appointmentStartTime": "09:00 AM",
      "appointmentEndTime": "10:30 PM",
      "appointmentStatus": "true"
    },
    {
      "id": "1dfss0s5d7z",
      "appointmentId": 1,
      "patientEmail": "chrwin@me.com",
      "doctorEmail": "Agarwal.Anil@gmail.com",
      "patientIssue": "Shortness of breath",
      "slotId": "110",
      "appointmentDate": "19/04/2022",
      "appointmentStartTime": "01:00 PM",
      "appointmentEndTime": "02:30 PM",
      "appointmentStatus": "true"
    },
    {
      "id": "o0a5wt14z3n",
      "appointmentId": 1,
      "patientEmail": "chrwin@me.com",
      "doctorEmail": "Agarwal.Biplav@gmail.com",
      "patientIssue": "Shortness of breath",
      "slotId": "101",
      "appointmentDate": "19/04/2022",
      "appointmentStartTime": "09:00 AM",
      "appointmentEndTime": "10:30 PM",
      "appointmentStatus": "true"
    },
    {
      "id": "o7j73z7ryei",
      "appointmentId": 1,
      "patientEmail": "chrwin@me.com",
      "doctorEmail": "Agarwal.Biplav@gmail.com",
      "patientIssue": "Shortness of breath",
      "slotId": "121",
      "appointmentDate": "20/04/2022",
      "appointmentStartTime": "09:00 AM",
      "appointmentEndTime": "10:30 PM",
      "appointmentStatus": "true"
    },
    {
      "id": "ddjgboc8y7v",
      "appointmentId": 1,
      "patientEmail": "chrwin@me.com",
      "doctorEmail": "Agarwal.Anil@gmail.com",
      "patientIssue": "Shortness of breath",
      "slotId": "115",
      "appointmentDate": "19/04/2022",
      "appointmentStartTime": "04:00 PM",
      "appointmentEndTime": "5:30 PM",
      "appointmentStatus": "true"
    },
    {
      "id": "92w2h2bl05i",
      "appointmentId": 1,
      "patientEmail": "chrwin@me.com",
      "doctorEmail": "Agarwal.Anil@gmail.com",
      "patientIssue": "Shortness of breath",
      "slotId": "100",
      "appointmentDate": "19/04/2022",
      "appointmentStartTime": "09:00 AM",
      "appointmentEndTime": "10:30 PM",
      "appointmentStatus": "true"
    },
    {
      "id": "aucwb7ygcxf",
      "appointmentId": 1,
      "patientEmail": "chrwin@me.com",
      "doctorEmail": "Agarwal.Anil@gmail.com",
      "patientIssue": "Shortness of breath",
      "slotId": "120",
      "appointmentDate": "20/04/2022",
      "appointmentStartTime": "09:00 AM",
      "appointmentEndTime": "10:30 PM",
      "appointmentStatus": "true"
    },
    {
      "id": "mw4a7x0zio",
      "appointmentId": 1,
      "patientEmail": "chrwin@me.com",
      "doctorEmail": "Agarwal.Anil@gmail.com",
      "patientIssue": "Shortness of breath",
      "slotId": "105",
      "appointmentDate": "19/04/2022",
      "appointmentStartTime": "11:00 AM",
      "appointmentEndTime": "12:30 PM",
      "appointmentStatus": "true"
    },
    {
      "id": "9lnsakk56qo",
      "appointmentId": 1,
      "patientEmail": "chrwin@me.com",
      "doctorEmail": "Agarwal.Anil@gmail.com",
      "patientIssue": "Shortness of breath",
      "slotId": "110",
      "appointmentDate": "19/04/2022",
      "appointmentStartTime": "01:00 PM",
      "appointmentEndTime": "02:30 PM",
      "appointmentStatus": "true"
    },
    {
      "id": "thlljk5s5nn",
      "appointmentId": 1,
      "patientEmail": "chrwin@me.com",
      "patientIssue": "Shortness of breath",
      "appointmentStatus": "true"
    },
    {
      "id": "aw1jhfvzldf",
      "appointmentId": 1,
      "patientEmail": "chrwin@me.com",
      "patientIssue": "Shortness of breath",
      "appointmentStatus": "true"
    },
    {
      "id": "5mdou5gdes",
      "appointmentId": 1,
      "patientEmail": "chrwin@me.com",
      "doctorEmail": "Agarwal.Anil@gmail.com",
      "patientIssue": "Shortness of breath",
      "slotId": "115",
      "appointmentDate": "19/04/2022",
      "appointmentStartTime": "04:00 PM",
      "appointmentEndTime": "5:30 PM",
      "appointmentStatus": "true"
    },
    {
      "id": "rvlj8jc1m8e",
      "appointmentId": 1,
      "patientEmail": "chrwin@me.com",
      "doctorEmail": "Agarwal.Anil@gmail.com",
      "patientIssue": "Shortness of breath",
      "slotId": "125",
      "appointmentDate": "20/04/2022",
      "appointmentStartTime": "11:00 AM",
      "appointmentEndTime": "12:30 PM",
      "appointmentStatus": "true"
    },
    {
      "id": "t4i9msxrl8",
      "appointmentId": 1,
      "patientEmail": "chrwin@me.com",
      "doctorEmail": "Agarwal.Anil@gmail.com",
      "patientIssue": "Shortness of breath",
      "slotId": "130",
      "appointmentDate": "19/04/2022",
      "appointmentStartTime": "10:00 PM",
      "appointmentEndTime": "12:30 AM",
      "appointmentStatus": "true"
    }
  ]
}